{"offer_id":3,"manager_id":9,"name":"test_localhost","data":{"time":1645018182766,"blocks":[{"id":"-22JVkyNwi","type":"Hello","data":{"dataId":"01-hello-TM1Njk4","contents":{"slogan":"European online marketplace of commercial vehicles","heading":"Commercial Offer","visitors_text":"visitors per month","sellers_text":"sellers","versions_text":"language versions","years_text":"years online"},"logo":"intl","type":"construction"}},{"id":"qwBHdoAAJy","type":"paragraph","data":{"text":"&nbsp;&nbsp;&nbsp;"}},{"id":"xxZPWjU_iU","type":"HelloText","data":{"dataId":"02-hello-text-Dg3NTA2","contents":{"heading":"Dear Mr. Smith"},"text":["\u0412\u0432\u0435\u0434\u0438\u0442\u0435 \u0442\u0435\u043a\u0441\u0442..."],"regLink":{"word":"Register","url":"https:\/\/www.truck1.eu\/_TEN_registration.html"}}},{"id":"mRqxvkm0uT","type":"paragraph","data":{"text":"&nbsp;&nbsp;&nbsp;"}},{"id":"x4F4yGZUum","type":"paragraph","data":{"text":"&nbsp;&nbsp;&nbsp;"}},{"id":"FppHK6VSQ0","type":"paragraph","data":{"text":"&nbsp;&nbsp;&nbsp;"}},{"id":"QpzbggHsGb","type":"paragraph","data":{"text":"&nbsp;&nbsp;&nbsp;"}},{"id":"eoHm7GztRQ","type":"paragraph","data":{"text":"&nbsp;&nbsp;&nbsp;"}},{"id":"wwVKhn3MpH","type":"paragraph","data":{"text":"&nbsp;&nbsp;&nbsp;"}},{"id":"BIA9CMRfcM","type":"paragraph","data":{"text":"&nbsp;&nbsp;&nbsp;"}},{"id":"PTgfjJpzyj","type":"paragraph","data":{"text":"&nbsp;&nbsp;&nbsp;"}},{"id":"BaDbqZ-T1A","type":"paragraph","data":{"text":"&nbsp;&nbsp;&nbsp;"}},{"id":"ky5FYDw--M","type":"paragraph","data":{"text":"&nbsp;&nbsp;&nbsp;"}},{"id":"kb_Osn7zRm","type":"PackagePriceList","data":{"dataId":"03-packages-pricelist-DUxNzA4","contents":{"heading":"Service Packages","packageGold_header":"GOLD","packageGold_slogan":"ALL YOU EVER NEED","packageStandard_header":"Standard","packageStandard_slogan":"STARTING OUT","packagePremium_header":"PREMIUM","packagePremium_slogan":"MOST POPULAR PLAN"},"lists":{"list_gold":["All services of Standard and Premium packages","Profile of the company + Article","Additonal promotion in our social media (Instagram, Facebook)","360-degree video of the vehicle","Scanner of the stock from personal website","Banner"],"list_standard":["Ads in all 31 language versions","Up to 20 photos per ad","Profile of the company","Detailed statistics","Personal account manager"],"list_premium":["All services of Standard package","Possibility to upload the video for each ad","\"Reliable\" and \"Official Dealer\" statuses","Automatic transfer of your stock","Links to your social media and personal website","Premium promotion","Logo in \"Top Sellers\""]},"prices":[{"id":2,"enableCrossed":false,"prices":{"price_standard":{"topText":"50 ads - 12 months","currency":"\u20ac","price_default":{"price_value":"77","price_text":"\/ m. (total 924\u20ac)"},"price_crossed":{"price_value":"...","price_text":"..."}},"price_premium":{"topText":"50 ads - 12 months","currency":"\u20ac","price_default":{"price_value":"85","price_text":"\/ m. (total 1017\u20ac)"},"price_crossed":{"price_value":"...","price_text":"..."}},"price_gold":{"topText":"50 ads - 12 months","currency":"\u20ac","price_default":{"price_value":"139","price_text":"\/ m. (total 1663\u20ac)"},"price_crossed":{"price_value":"...","price_text":"..."}}}},{"id":3,"enableCrossed":false,"prices":{"price_standard":{"topText":"50 ads - 12 months","currency":"\u20ac","price_default":{"price_value":"154","price_text":"\/ m. (total 924\u20ac)"},"price_crossed":{"price_value":"...","price_text":"..."}},"price_premium":{"topText":"50 ads - 12 months","currency":"\u20ac","price_default":{"price_value":"177.2","price_text":"\/ m. (total 1063\u20ac)"},"price_crossed":{"price_value":"...","price_text":"..."}},"price_gold":{"topText":"50 ads - 12 months","currency":"\u20ac","price_default":{"price_value":"324.9","price_text":"\/ m. (total 1949\u20ac)"},"price_crossed":{"price_value":"...","price_text":"..."}}}}],"show_standard":true,"show_premium":true,"show_gold":true}},{"id":"DIqA8ailk_","type":"paragraph","data":{"text":"&nbsp;&nbsp;&nbsp;"}},{"id":"FvfwgSf5gh","type":"paragraph","data":{"text":"&nbsp;&nbsp;&nbsp;"}},{"id":"D5yRYZPa3m","type":"paragraph","data":{"text":"&nbsp;&nbsp;&nbsp;"}},{"id":"bwE3hboB9H","type":"paragraph","data":{"text":"&nbsp;&nbsp;&nbsp;"}},{"id":"rspb8DrPtc","type":"paragraph","data":{"text":"&nbsp;&nbsp;&nbsp;"}},{"id":"E5oSwvtsEA","type":"paragraph","data":{"text":"&nbsp;&nbsp;&nbsp;"}},{"id":"9lZnD3SfWC","type":"paragraph","data":{"text":"&nbsp;&nbsp;&nbsp;"}}],"version":"2.22.2"}}